pitch,start,end,tonalTechnique,articulation,stringId,position,finger
64,0.045455,0.122727,,spiccato,1,1,1
68,0.175,0.231818,,spiccato,1,1,3
71,0.279545,0.336364,,spiccato,2,1,1
76,0.388636,0.429545,,spiccato,2,1,4
76,0.481818,0.545455,,spiccato,3,1,0
71,0.597727,0.65,,spiccato,2,1,1
68,0.697727,0.747727,,spiccato,1,1,3
64,0.795455,0.840909,,spiccato,1,1,1
63,0.888636,0.956818,,spiccato,1,1,1
66,1.009091,1.05,,spiccato,1,1,2
71,1.102273,1.154545,,spiccato,2,1,1
78,1.206818,1.254545,,spiccato,3,1,1
78,1.306818,1.370455,,spiccato,3,1,1
71,1.415909,1.475,,spiccato,2,1,1
66,1.520455,1.572727,,spiccato,1,1,2
63,1.620455,1.665909,,spiccato,1,1,1
64,1.718182,1.763636,,spiccato,1,1,1
68,1.815909,1.868182,,spiccato,1,1,3
71,1.920455,1.968182,,spiccato,2,1,1
76,2.020455,2.065909,,spiccato,2,1,4
76,2.113636,2.170455,,spiccato,3,1,0
71,2.218182,2.263636,,spiccato,2,1,1
68,2.315909,2.368182,,spiccato,1,1,3
64,2.415909,2.461364,,spiccato,1,1,1
59,2.513636,2.577273,,spiccato,0,1,2
66,2.629545,2.675,,spiccato,1,1,2
75,2.722727,2.763636,,spiccato,2,1,3
83,2.797727,2.838636,,spiccato,3,1,4
83,2.884091,2.95,,spiccato,3,3,2
75,3.018182,3.065909,,spiccato,2,1,3
66,3.111364,3.156818,,spiccato,1,1,2
59,3.209091,3.25,,spiccato,0,1,2
64,3.302273,3.361364,,spiccato,1,1,1
68,3.406818,3.465909,,spiccato,1,1,3
71,3.511364,3.563636,,spiccato,2,1,1
76,3.611364,3.656818,,spiccato,3,1,0
76,3.704545,3.75,,spiccato,3,1,0
71,3.802273,3.854545,,spiccato,2,1,1
68,3.906818,3.965909,,spiccato,1,1,3
64,4.018182,4.063636,,spiccato,1,1,1
63,4.109091,4.161364,,spiccato,1,1,1
66,4.209091,4.254545,,spiccato,1,1,2
71,4.302273,4.347727,,spiccato,2,1,1
78,4.395455,4.440909,,spiccato,3,1,1
78,4.493182,4.556818,,spiccato,3,1,1
71,4.609091,4.661364,,spiccato,2,1,1
66,4.706818,4.754545,,spiccato,1,1,2
63,4.8,4.847727,,spiccato,1,1,1
64,4.893182,4.945455,,spiccato,1,1,1
68,4.997727,5.038636,,spiccato,1,1,3
71,5.084091,5.131818,,spiccato,2,1,1
76,5.184091,5.229545,,spiccato,3,1,0
76,5.281818,5.352273,,spiccato,3,1,0
71,5.397727,5.45,,spiccato,2,1,1
68,5.497727,5.554545,,spiccato,1,1,3
64,5.602273,5.647727,,spiccato,1,1,1
59,5.7,5.759091,,spiccato,0,1,2
66,5.811364,5.852273,,spiccato,1,1,2
75,5.904545,5.943182,,spiccato,2,1,3
83,5.990909,6.036364,,spiccato,3,3,2
83,6.084091,6.140909,,spiccato,3,3,2
75,6.193182,6.252273,,spiccato,2,1,3
66,6.297727,6.345455,,spiccato,1,1,2
59,6.390909,6.431818,,spiccato,0,1,2
56,6.484091,6.547727,,spiccato,0,1,1
64,6.6,6.652273,,spiccato,1,1,1
71,6.7,6.752273,,spiccato,2,1,1
80,6.797727,6.843182,,spiccato,3,1,2
80,6.890909,6.943182,,spiccato,3,1,2
71,6.995455,7.052273,,spiccato,2,1,1
64,7.1,7.140909,,spiccato,1,1,1
56,7.186364,7.209091,,spiccato,0,1,1
57,7.261364,7.313636,,spiccato,0,1,1
64,7.361364,7.402273,,spiccato,1,1,1
73,7.440909,7.488636,,spiccato,2,1,2
81,7.518182,7.563636,,spiccato,3,1,3
85,7.611364,7.761364,,staccato,3,3,3
88,7.859091,8.120455,,staccato,3,4,4
58,8.261364,8.329545,,spiccato,0,1,2
66,8.381818,8.429545,,spiccato,1,1,2
73,8.475,8.522727,,spiccato,2,1,2
82,8.568182,8.620455,,spiccato,3,1,4
82,8.672727,8.731818,,spiccato,3,1,4
73,8.781818,8.829545,,spiccato,2,1,2
66,8.875,8.922727,,spiccato,1,1,2
58,8.963636,9.015909,,spiccato,0,1,2
59,9.061364,9.113636,,spiccato,0,1,2
66,9.161364,9.195455,,spiccato,1,1,2
75,9.247727,9.281818,,spiccato,2,3,1
83,9.334091,9.352273,,spiccato,3,3,2
87,9.397727,9.554545,,staccato,3,3,4
90,9.647727,9.927273,,staccato,3,5,4
63,10.065909,10.125,,spiccato,1,1,1
71,10.177273,10.234091,,spiccato,2,1,1
78,10.286364,10.331818,,spiccato,3,1,1
87,10.379545,10.431818,,spiccato,3,5,3
87,10.484091,10.547727,,spiccato,3,5,3
78,10.593182,10.645455,,spiccato,3,1,1
71,10.686364,10.727273,,spiccato,2,1,1
63,10.761364,10.843182,,spiccato,1,1,1
64,10.895455,10.947727,,spiccato,1,1,1
71,11.0,11.040909,,spiccato,2,1,1
80,11.088636,11.127273,,spiccato,2,4,3
88,11.175,11.220455,,spiccato,3,5,3
88,11.268182,11.325,,spiccato,3,5,3
80,11.377273,11.425,,spiccato,2,5,2
71,11.477273,11.522727,,spiccato,2,1,1
64,11.575,11.609091,,spiccato,1,1,1
66,11.656818,11.713636,,spiccato,1,1,2
75,11.761364,11.806818,,spiccato,2,1,3
83,11.854545,11.9,,spiccato,3,3,2
90,11.947727,11.986364,,spiccato,3,5,4
90,12.038636,12.097727,,spiccato,3,5,4
83,12.15,12.202273,,spiccato,3,3,2
75,12.247727,12.295455,,spiccato,2,1,3
66,12.340909,12.388636,,spiccato,1,1,2
68,12.434091,12.497727,,spiccato,1,1,3
76,12.545455,12.597727,,spiccato,2,3,2
83,12.643182,12.688636,,spiccato,3,3,2
92,12.740909,12.781818,,spiccato,3,6,4
92,12.834091,12.875,,spiccato,3,6,4
83,12.927273,12.986364,,spiccato,3,3,2
76,13.031818,13.084091,,spiccato,2,3,2
68,13.125,13.170455,,spiccato,1,1,3
69,13.222727,13.275,,spiccato,2,1,0
76,13.322727,13.368182,,spiccato,2,3,2
85,13.420455,13.468182,,spiccato,3,3,3
93,13.520455,13.554545,,spiccato,3,7,4
93,13.6,13.659091,,spiccato,3,7,4
85,13.704545,13.752273,,spiccato,3,3,3
76,13.797727,13.845455,,spiccato,3,1,0
69,13.890909,13.931818,,spiccato,2,1,0
70,13.979545,14.025,,spiccato,2,1,1
79,14.070455,14.111364,,spiccato,2,3,4
88,14.163636,14.215909,,spiccato,3,4,4
97,14.263636,14.309091,,spiccato,3,5,3
97,14.356818,14.413636,,spiccato,3,5,3
88,14.459091,14.511364,,spiccato,3,4,4
79,14.559091,14.611364,,spiccato,3,1,2
70,14.656818,14.709091,,spiccato,2,1,1
73,14.761364,14.809091,,spiccato,2,1,2
82,14.861364,14.925,,spiccato,3,3,1
91,14.977273,15.006818,,spiccato,3,6,4
100,15.052273,15.097727,,spiccato,3,6,4
100,15.15,15.227273,,spiccato,3,6,4
91,15.272727,15.313636,,spiccato,3,6,4
82,15.365909,15.418182,,spiccato,3,3,2
73,15.470455,15.511364,,spiccato,2,1,2
70,15.563636,15.609091,,spiccato,2,1,1
79,15.656818,15.702273,,spiccato,3,1,2
88,15.75,15.813636,,spiccato,3,4,4
97,15.859091,15.904545,,spiccato,3,5,3
97,15.952273,15.997727,,spiccato,3,5,3
88,16.05,16.102273,,spiccato,3,4,4
79,16.154545,16.206818,,spiccato,3,1,2
70,16.254545,16.306818,,spiccato,2,1,1
67,16.352273,16.404545,,spiccato,1,1,3
76,16.445455,16.490909,,spiccato,2,3,2
85,16.538636,16.595455,,spiccato,3,3,3
94,16.643182,16.684091,,spiccato,3,7,4
94,16.736364,16.793182,,spiccato,3,7,4
85,16.845455,16.893182,,spiccato,3,3,3
76,16.938636,16.997727,,spiccato,2,3,2
67,17.043182,17.102273,,spiccato,1,1,3
64,17.154545,17.2,,spiccato,1,1,1
73,17.247727,17.293182,,spiccato,2,1,2
82,17.345455,17.397727,,spiccato,3,3,1
91,17.45,17.490909,,spiccato,3,6,4
91,17.543182,17.6,,spiccato,3,6,4
82,17.647727,17.704545,,spiccato,3,3,2
73,17.752273,17.820455,,spiccato,2,1,2
64,17.879545,17.925,,spiccato,1,1,1
61,17.984091,18.036364,,spiccato,0,1,3
70,18.088636,18.134091,,spiccato,2,1,1
79,18.186364,18.234091,,spiccato,3,1,2
88,18.279545,18.327273,,spiccato,3,4,4
88,18.372727,18.447727,,spiccato,3,5,3
79,18.495455,18.552273,,spiccato,3,1,2
70,18.604545,18.663636,,spiccato,2,1,1
61,18.715909,18.761364,,spiccato,0,1,3
59,18.813636,18.865909,,spiccato,0,1,2
66,18.918182,18.965909,,spiccato,1,1,2
75,19.011364,19.052273,,spiccato,2,1,3
83,19.093182,19.134091,,spiccato,3,3,2
87,19.179545,19.336364,,staccato,3,3,4
90,19.434091,19.747727,,staccato,3,5,4
57,19.893182,19.975,,spiccato,0,1,1
63,20.020455,20.090909,,spiccato,1,1,1
71,20.138636,20.188636,,spiccato,2,1,1
78,20.236364,20.277273,,spiccato,3,1,1
78,20.318182,20.363636,,spiccato,3,1,1
71,20.415909,20.456818,,spiccato,2,1,1
63,20.509091,20.554545,,spiccato,1,1,1
57,20.595455,20.643182,,spiccato,0,1,1
56,20.677273,20.740909,,spiccato,0,1,1
64,20.788636,20.822727,,spiccato,1,1,1
71,20.868182,20.915909,,spiccato,2,1,1
80,20.961364,20.984091,,spiccato,3,1,2
83,21.036364,21.170455,,staccato,3,3,2
88,21.263636,21.513636,,staccato,3,4,4
57,21.659091,21.752273,,spiccato,0,1,1
63,21.797727,21.85,,spiccato,1,1,1
71,21.902273,21.947727,,spiccato,2,1,1
78,21.995455,22.029545,,spiccato,3,1,1
78,22.081818,22.134091,,spiccato,3,1,1
71,22.181818,22.234091,,spiccato,2,1,1
63,22.272727,22.309091,,spiccato,1,1,1
57,22.35,22.395455,,spiccato,0,1,1
56,22.443182,22.5,,spiccato,0,1,1
64,22.552273,22.563636,,spiccato,1,1,1
71,22.615909,22.656818,,spiccato,2,1,1
80,22.690909,22.720455,,spiccato,3,1,2
83,22.761364,22.9,,staccato,3,1,4
88,23.004545,23.295455,,staccato,3,4,4
57,23.445455,23.556818,,,0,1,1
73,23.65,23.818182,,release,2,1,2
81,23.65,23.818182,,release,3,1,3
59,23.893182,23.963636,,,0,1,2
68,24.020455,24.154545,,release,1,1,3
76,24.020455,24.154545,,release,2,3,2
83,24.020455,24.154545,,release,3,3,2
61,24.252273,24.370455,,,0,1,3
69,24.434091,24.572727,,release,2,1,0
76,24.434091,24.572727,,release,2,3,2
85,24.434091,24.572727,,release,3,3,3
60,24.670455,24.786364,,,0,1,3
70,24.886364,25.065909,,release,2,1,1
76,24.886364,25.065909,,release,3,1,0
84,24.886364,25.065909,,release,3,3,3
59,25.159091,25.252273,,,0,1,2
68,25.315909,25.436364,,release,1,1,3
76,25.315909,25.436364,,release,2,3,2
83,25.315909,25.436364,,release,3,3,2
59,25.536364,25.606818,,,0,2,1
66,25.652273,26.029545,,release,1,1,2
75,25.652273,26.029545,,release,2,3,1
83,25.652273,26.029545,,release,3,3,2
64,26.122727,26.720455,,,1,1,1
71,26.727273,27.736364,,release,2,1,1
80,26.727273,27.736364,,release,3,1,2
88,26.727273,27.736364,,release,3,4,4
64,28.131818,28.211364,,spiccato,1,1,1
67,28.263636,28.352273,,spiccato,1,1,3
71,28.397727,28.456818,,spiccato,2,1,1
76,28.502273,28.572727,,spiccato,3,1,0
76,28.629545,28.693182,,spiccato,3,1,0
71,28.745455,28.804545,,spiccato,2,1,1
67,28.856818,28.909091,,spiccato,1,1,3
64,28.961364,29.025,,spiccato,1,1,1
63,29.084091,29.147727,,spiccato,1,1,1
66,29.193182,29.245455,,spiccato,1,1,2
71,29.290909,29.343182,,spiccato,2,1,1
78,29.390909,29.443182,,spiccato,3,1,1
78,29.495455,29.565909,,spiccato,3,1,1
71,29.618182,29.663636,,spiccato,2,1,1
66,29.709091,29.768182,,spiccato,1,1,2
63,29.813636,29.861364,,spiccato,1,1,1
64,29.906818,29.959091,,spiccato,1,1,1
67,30.011364,30.059091,,spiccato,1,1,3
71,30.1,30.156818,,spiccato,2,1,1
76,30.209091,30.25,,spiccato,3,1,0
76,30.302273,30.354545,,spiccato,3,1,0
71,30.4,30.452273,,spiccato,2,1,1
67,30.5,30.545455,,spiccato,1,1,3
64,30.593182,30.645455,,spiccato,1,1,1
59,30.697727,30.75,,spiccato,0,1,2
66,30.802273,30.840909,,spiccato,1,1,2
75,30.893182,30.934091,,spiccato,2,1,3
83,30.981818,31.027273,,spiccato,3,3,2
83,31.075,31.131818,,spiccato,3,3,2
75,31.179545,31.236364,,spiccato,2,1,3
66,31.288636,31.336364,,spiccato,1,1,2
59,31.381818,31.434091,,spiccato,0,1,2
64,31.486364,31.543182,,spiccato,1,1,1
67,31.595455,31.647727,,spiccato,1,1,3
71,31.695455,31.740909,,spiccato,2,1,1
76,31.788636,31.829545,,spiccato,3,1,0
76,31.875,31.934091,,spiccato,3,1,0
71,31.986364,32.031818,,spiccato,2,1,1
67,32.072727,32.118182,,spiccato,1,1,3
64,32.170455,32.234091,,spiccato,1,1,1
63,32.286364,32.345455,,spiccato,1,1,1
66,32.390909,32.443182,,spiccato,1,1,2
71,32.490909,32.543182,,spiccato,2,1,1
78,32.588636,32.647727,,spiccato,3,1,1
78,32.7,32.763636,,spiccato,3,1,1
71,32.815909,32.861364,,spiccato,2,1,1
66,32.913636,32.961364,,spiccato,1,1,2
63,33.013636,33.059091,,spiccato,1,1,1
64,33.106818,33.152273,,spiccato,1,1,1
67,33.193182,33.238636,,spiccato,1,1,3
71,33.279545,33.338636,,spiccato,2,1,1
76,33.390909,33.436364,,spiccato,3,1,0
76,33.488636,33.536364,,spiccato,3,1,0
71,33.588636,33.640909,,spiccato,2,1,1
67,33.686364,33.738636,,spiccato,1,1,3
64,33.784091,33.836364,,spiccato,1,1,1
59,33.884091,33.936364,,spiccato,0,1,2
66,33.988636,34.034091,,spiccato,1,1,2
75,34.081818,34.127273,,spiccato,2,1,3
83,34.179545,34.213636,,spiccato,3,3,2
83,34.265909,34.318182,,spiccato,3,3,2
75,34.365909,34.418182,,spiccato,2,1,3
66,34.463636,34.511364,,spiccato,1,1,2
59,34.556818,34.615909,,spiccato,0,1,2
59,34.672727,34.725,,spiccato,0,1,2
66,34.777273,34.818182,,spiccato,1,1,2
74,34.870455,34.911364,,spiccato,2,1,3
83,34.963636,35.004545,,spiccato,3,3,2
83,35.05,35.109091,,spiccato,3,3,2
74,35.154545,35.206818,,spiccato,2,1,3
66,35.254545,35.3,,spiccato,1,1,2
59,35.345455,35.397727,,spiccato,0,1,2
57,35.45,35.509091,,spiccato,0,1,1
66,35.561364,35.613636,,spiccato,1,1,2
74,35.659091,35.706818,,spiccato,2,3,1
84,35.747727,35.804545,,spiccato,3,3,3
84,35.852273,35.909091,,spiccato,3,3,3
74,35.961364,36.025,,spiccato,2,1,3
66,36.072727,36.125,,spiccato,1,1,2
57,36.177273,36.229545,,spiccato,0,1,1
57,36.281818,36.334091,,spiccato,0,1,1
66,36.379545,36.438636,,spiccato,1,1,2
74,36.484091,36.543182,,spiccato,2,1,3
81,36.588636,36.636364,,spiccato,3,1,3
81,36.688636,36.745455,,spiccato,3,1,3
74,36.797727,36.85,,spiccato,2,1,3
66,36.902273,36.961364,,spiccato,1,1,2
57,37.013636,37.059091,,spiccato,0,1,1
55,37.104545,37.186364,,spiccato,0,1,0
62,37.234091,37.290909,,spiccato,1,1,0
71,37.331818,37.384091,,spiccato,2,1,1
86,37.429545,37.488636,,spiccato,3,3,4
86,37.540909,37.593182,,spiccato,3,3,4
71,37.645455,37.715909,,spiccato,2,1,1
62,37.761364,37.847727,,spiccato,1,1,0
55,37.895455,37.940909,,spiccato,0,1,0
55,37.988636,38.034091,,spiccato,0,1,0
62,38.086364,38.145455,,spiccato,1,1,0
74,38.184091,38.236364,,spiccato,2,3,1
91,38.288636,38.329545,,spiccato,3,6,4
91,38.381818,38.445455,,spiccato,3,6,4
74,38.493182,38.556818,,spiccato,2,3,1
62,38.602273,38.736364,,spiccato,1,1,0
55,38.788636,38.829545,,spiccato,0,1,0
55,38.836364,38.870455,,spiccato,0,1,0
62,38.922727,38.968182,,spiccato,1,1,0
79,39.020455,39.068182,,spiccato,3,1,2
95,39.120455,39.165909,,spiccato,3,9,3
95,39.213636,39.270455,,spiccato,3,9,3
79,39.318182,39.381818,,spiccato,2,3,4
62,39.427273,39.475,,spiccato,1,1,0
55,39.520455,39.565909,,spiccato,0,1,0
55,39.618182,39.677273,,spiccato,0,1,0
62,39.729545,39.781818,,spiccato,1,1,0
83,39.827273,39.879545,,spiccato,3,3,2
98,39.927273,39.972727,,spiccato,1,1,3
98,40.020455,40.077273,,spiccato,1,1,3
83,40.129545,40.193182,,spiccato,3,3,2
62,40.240909,40.293182,,spiccato,1,1,0
55,40.345455,40.490909,,spiccato,0,1,0
60,40.565909,40.645455,,spiccato,0,1,3
67,40.693182,40.745455,,spiccato,1,1,3
76,40.797727,40.838636,,spiccato,2,3,2
84,40.879545,40.947727,,spiccato,3,3,3
61,40.995455,41.104545,,,0,1,3
69,41.197727,41.361364,,release,2,1,0
79,41.197727,41.361364,,release,3,1,2
88,41.197727,41.361364,,release,3,4,4
62,41.459091,41.518182,,spiccato,1,1,0
69,41.570455,41.609091,,spiccato,2,1,0
78,41.656818,41.690909,,spiccato,3,1,1
86,41.731818,41.790909,,spiccato,3,3,4
63,41.854545,42.0,,,1,1,1
71,42.097727,42.225,,release,2,1,1
81,42.097727,42.225,,release,3,1,3
90,42.097727,42.225,,release,3,5,4
64,42.318182,42.377273,,spiccato,1,1,1
72,42.422727,42.468182,,spiccato,2,1,2
79,42.515909,42.561364,,spiccato,3,1,2
88,42.613636,42.677273,,spiccato,3,4,4
66,42.747727,42.840909,,,1,1,2
74,42.934091,43.027273,,release,2,1,3
81,42.934091,43.027273,,release,3,1,3
90,42.934091,43.027273,,release,3,5,4
67,43.125,43.225,,,1,1,3
74,43.311364,43.397727,,release,2,3,1
83,43.311364,43.397727,,release,3,3,2
91,43.311364,43.397727,,release,3,6,4
69,43.490909,43.602273,,,1,1,4
78,43.7,43.811364,,release,3,1,1
86,43.7,43.811364,,release,3,3,4
93,43.7,43.811364,,release,3,7,4
71,43.909091,44.059091,,,2,1,1
79,44.163636,44.256818,,release,2,3,4
86,44.163636,44.256818,,release,3,3,4
95,44.163636,44.256818,,release,3,9,3
72,44.35,44.540909,,,2,1,2
79,44.634091,44.884091,,release,3,1,2
88,44.634091,44.884091,,release,3,5,3
96,44.634091,44.884091,,release,1,1,3
73,44.981818,45.075,,spiccato,2,1,2
82,45.134091,45.179545,,spiccato,3,3,1
91,45.227273,45.272727,,spiccato,3,6,4
100,45.320455,45.4,,spiccato,3,6,4
103,45.452273,45.9,,release,3,6,4
61,45.906818,46.284091,,release,0,3,1
62,46.284091,46.568182,,release,1,1,0
83,46.661364,46.922727,,staccato,3,3,2
86,46.661364,46.922727,,staccato,3,3,4
81,46.927273,47.165909,,staccato,3,3,1
84,46.927273,47.165909,,staccato,3,3,3
79,47.170455,47.363636,,staccato,3,1,2
83,47.170455,47.363636,,staccato,3,3,2
78,47.368182,47.547727,,staccato,3,1,1
81,47.368182,47.547727,,staccato,3,1,3
76,47.547727,47.711364,,staccato,3,1,0
79,47.547727,47.711364,,staccato,3,1,2
74,47.711364,47.861364,,staccato,2,1,3
78,47.711364,47.861364,,staccato,3,1,1
72,47.868182,48.013636,,staccato,2,1,2
76,47.868182,48.013636,,staccato,3,1,0
71,48.013636,48.163636,,staccato,2,1,1
74,48.013636,48.163636,,staccato,2,1,3
69,48.170455,48.315909,,staccato,2,1,0
72,48.170455,48.315909,,staccato,2,1,2
67,48.315909,48.459091,,staccato,1,1,3
71,48.315909,48.459091,,staccato,2,1,1
66,48.465909,48.75,,staccato,1,1,2
69,48.465909,48.75,,staccato,1,1,4
55,48.825,48.865909,,spiccato,0,1,0
62,48.918182,48.970455,,spiccato,1,1,0
71,49.022727,49.075,,spiccato,2,1,1
79,49.127273,49.179545,,spiccato,3,1,2
79,49.231818,49.284091,,spiccato,3,1,2
71,49.331818,49.384091,,spiccato,2,1,1
62,49.429545,49.488636,,spiccato,1,1,0
55,49.534091,49.604545,,spiccato,0,1,0
55,49.656818,49.702273,,spiccato,0,1,0
63,49.754545,49.818182,,spiccato,1,1,1
72,49.870455,49.911364,,spiccato,2,1,2
78,49.956818,50.004545,,spiccato,3,1,1
78,50.056818,50.113636,,spiccato,3,1,1
72,50.165909,50.213636,,spiccato,2,1,2
63,50.259091,50.311364,,spiccato,1,1,1
55,50.359091,50.4,,spiccato,0,1,0
55,50.452273,50.636364,,release,0,1,0
62,50.452273,50.636364,,release,1,1,0
83,50.759091,50.990909,,release,3,3,2
86,50.759091,50.990909,,release,3,3,4
81,50.990909,51.177273,,staccato,3,3,1
84,50.990909,51.177273,,staccato,3,3,3
79,51.177273,51.322727,,staccato,3,1,2
83,51.177273,51.322727,,staccato,3,3,2
78,51.327273,51.484091,,staccato,3,1,1
81,51.327273,51.484091,,staccato,3,1,3
76,51.490909,51.640909,,staccato,3,1,0
79,51.490909,51.640909,,staccato,3,1,2
74,51.640909,51.779545,,staccato,2,1,3
78,51.640909,51.779545,,staccato,3,1,1
72,51.786364,51.936364,,staccato,2,1,2
76,51.786364,51.936364,,staccato,3,1,0
71,51.943182,52.088636,,staccato,2,1,1
74,51.943182,52.088636,,staccato,2,1,3
69,52.093182,52.256818,,staccato,2,1,0
72,52.093182,52.256818,,staccato,2,1,2
67,52.256818,52.395455,,staccato,1,1,3
71,52.256818,52.395455,,staccato,2,1,1
66,52.402273,52.638636,,staccato,1,1,2
69,52.402273,52.638636,,staccato,1,1,4
55,52.715909,52.756818,,spiccato,0,1,0
62,52.809091,52.847727,,spiccato,1,1,0
71,52.9,52.963636,,spiccato,2,1,1
79,53.015909,53.063636,,spiccato,3,1,2
79,53.109091,53.179545,,spiccato,3,1,2
71,53.231818,53.295455,,spiccato,2,1,1
62,53.340909,53.377273,,spiccato,1,1,0
55,53.429545,53.497727,,spiccato,0,1,0
55,53.55,53.597727,,spiccato,0,1,0
63,53.643182,53.706818,,spiccato,1,1,1
72,53.754545,53.806818,,spiccato,2,1,2
78,53.852273,53.9,,spiccato,3,1,1
78,53.952273,54.009091,,spiccato,3,1,1
72,54.061364,54.109091,,spiccato,2,1,2
63,54.161364,54.311364,,spiccato,1,1,1
55,54.363636,54.404545,,spiccato,0,1,0
55,54.409091,54.613636,,release,0,1,0
62,54.409091,54.613636,,release,1,1,0
83,54.736364,54.95,,release,3,3,2
86,54.736364,54.95,,release,3,3,4
81,54.956818,55.147727,,staccato,3,3,1
84,54.956818,55.147727,,staccato,3,3,3
79,55.147727,55.327273,,staccato,3,1,2
83,55.147727,55.327273,,staccato,3,3,2
78,55.334091,55.484091,,staccato,3,1,1
81,55.334091,55.484091,,staccato,3,1,3
76,55.484091,55.647727,,staccato,3,1,0
79,55.484091,55.647727,,staccato,3,1,2
74,55.652273,55.786364,,staccato,2,1,3
78,55.652273,55.786364,,staccato,3,1,1
72,55.790909,55.965909,,staccato,2,1,2
76,55.790909,55.965909,,staccato,3,1,0
71,55.972727,56.104545,,staccato,2,1,1
74,55.972727,56.104545,,staccato,2,1,3
69,56.111364,56.272727,,staccato,2,1,0
72,56.111364,56.272727,,staccato,2,1,2
67,56.279545,56.436364,,staccato,1,1,3
71,56.279545,56.436364,,staccato,2,1,1
66,56.440909,56.686364,,staccato,1,1,2
69,56.440909,56.686364,,staccato,1,1,4
55,56.802273,56.847727,,spiccato,0,1,0
62,56.895455,56.952273,,spiccato,1,1,0
71,57.004545,57.079545,,spiccato,2,1,1
79,57.127273,57.202273,,spiccato,3,1,2
79,57.254545,57.325,,spiccato,3,1,2
71,57.377273,57.456818,,spiccato,2,1,1
62,57.509091,57.556818,,spiccato,1,1,0
55,57.602273,57.661364,,spiccato,0,1,0
55,57.706818,57.765909,,spiccato,0,1,0
62,57.818182,57.870455,,spiccato,1,1,0
70,57.922727,57.975,,spiccato,2,1,1
79,58.027273,58.084091,,spiccato,3,1,2
79,58.136364,58.206818,,spiccato,3,1,2
70,58.259091,58.311364,,spiccato,2,1,1
62,58.356818,58.427273,,spiccato,1,1,0
55,58.472727,58.55,,spiccato,0,1,0
55,58.602273,58.879545,,,0,1,0
63,58.602273,58.879545,,,1,1,1
82,59.006818,59.320455,,,3,3,2
85,59.006818,59.320455,,,3,3,3
80,59.327273,59.559091,,staccato,3,1,2
84,59.327273,59.559091,,staccato,3,3,3
79,59.559091,59.738636,,staccato,3,1,2
82,59.559091,59.738636,,staccato,3,3,2
79,59.745455,59.906818,,staccato,3,1,2
82,59.745455,59.906818,,staccato,3,3,2
77,59.906818,60.063636,,staccato,3,1,1
80,59.906818,60.063636,,staccato,3,1,2
75,60.063636,60.227273,,staccato,2,1,3
79,60.063636,60.227273,,staccato,3,1,2
73,60.227273,60.388636,,staccato,2,1,2
77,60.227273,60.388636,,staccato,3,1,1
72,60.388636,60.545455,,staccato,2,1,2
75,60.388636,60.545455,,staccato,2,1,3
70,60.545455,60.702273,,staccato,2,1,1
73,60.545455,60.702273,,staccato,2,1,2
68,60.702273,60.859091,,staccato,1,1,3
72,60.702273,60.859091,,staccato,2,1,2
67,60.865909,61.022727,,staccato,1,1,3
70,60.865909,61.022727,,staccato,2,1,1
56,61.15,61.259091,,spiccato,0,1,1
63,61.306818,61.352273,,spiccato,1,1,1
72,61.411364,61.463636,,spiccato,2,1,2
80,61.515909,61.568182,,spiccato,3,1,2
80,61.620455,61.688636,,spiccato,3,1,2
72,61.736364,61.8,,spiccato,2,1,2
63,61.845455,61.909091,,spiccato,1,1,1
56,61.956818,62.013636,,spiccato,0,1,1
56,62.061364,62.118182,,spiccato,0,1,1
63,62.177273,62.218182,,spiccato,1,1,1
71,62.270455,62.315909,,spiccato,2,1,1
80,62.368182,62.420455,,spiccato,3,1,2
80,62.468182,62.520455,,spiccato,3,1,2
71,62.565909,62.618182,,spiccato,2,1,1
63,62.647727,62.752273,,spiccato,1,1,1
56,62.797727,62.838636,,,0,1,1
56,62.872727,63.029545,,release,0,1,1
64,62.872727,63.029545,,release,1,1,1
83,63.222727,63.488636,,release,3,3,2
86,63.222727,63.488636,,release,3,3,4
81,63.5,63.715909,,staccato,3,3,1
85,63.5,63.715909,,staccato,3,3,3
80,63.720455,63.877273,,staccato,3,2,1
83,63.720455,63.877273,,staccato,3,3,2
80,63.877273,64.034091,,staccato,3,2,1
83,63.877273,64.034091,,staccato,3,3,2
78,64.040909,64.186364,,staccato,3,1,1
81,64.040909,64.186364,,staccato,3,1,3
76,64.190909,64.331818,,staccato,3,1,0
80,64.190909,64.331818,,staccato,3,1,2
74,64.331818,64.463636,,staccato,2,1,3
78,64.331818,64.463636,,staccato,3,1,1
73,64.470455,64.620455,,staccato,2,1,2
76,64.470455,64.620455,,staccato,3,1,0
71,64.620455,64.777273,,staccato,2,1,1
74,64.620455,64.777273,,staccato,2,1,3
69,64.777273,64.918182,,staccato,1,1,4
73,64.777273,64.918182,,staccato,2,1,2
68,64.918182,65.102273,,staccato,1,1,3
71,64.918182,65.102273,,staccato,2,1,1
57,65.218182,65.3,,spiccato,0,1,1
64,65.347727,65.393182,,spiccato,1,1,1
73,65.438636,65.504545,,spiccato,2,1,2
81,65.55,65.595455,,spiccato,3,1,3
81,65.636364,65.684091,,spiccato,3,1,3
73,65.736364,65.781818,,spiccato,2,1,2
64,65.829545,65.956818,,spiccato,1,1,1
57,66.009091,66.05,,spiccato,0,1,1
57,66.054545,66.095455,,spiccato,0,1,1
64,66.140909,66.193182,,spiccato,1,1,1
72,66.240909,66.286364,,spiccato,2,1,2
81,66.338636,66.386364,,spiccato,3,1,3
81,66.438636,66.484091,,spiccato,3,1,3
72,66.525,66.572727,,spiccato,2,1,2
64,66.618182,66.715909,,spiccato,1,1,1
57,66.763636,66.809091,,spiccato,0,1,1
57,66.856818,67.163636,,release,0,1,1
65,66.856818,67.163636,,release,1,1,2
84,67.286364,67.570455,,staccato,3,3,3
87,67.286364,67.570455,,staccato,3,3,4
82,67.575,67.772727,,staccato,3,3,2
86,67.575,67.772727,,staccato,3,3,4
81,67.772727,67.940909,,staccato,3,3,1
84,67.772727,67.940909,,staccato,3,3,3
81,67.947727,68.109091,,staccato,3,3,1
84,67.947727,68.109091,,staccato,3,3,3
79,68.109091,68.265909,,staccato,3,1,2
82,68.109091,68.265909,,staccato,3,3,2
77,68.272727,68.429545,,staccato,3,1,1
81,68.272727,68.429545,,staccato,3,3,1
75,68.434091,68.65,,staccato,2,1,3
79,68.434091,68.65,,staccato,3,1,2
74,68.65,68.859091,,staccato,2,1,3
77,68.65,68.859091,,staccato,3,1,1
72,68.859091,69.131818,,staccato,2,1,2
75,68.859091,69.131818,,staccato,2,1,3
70,69.136364,69.490909,,staccato,2,1,1
74,69.136364,69.490909,,staccato,2,1,3
69,69.490909,69.915909,,staccato,2,1,0
72,69.490909,69.915909,,staccato,2,1,2
58,70.013636,70.129545,,spiccato,0,1,2
65,70.181818,70.275,,spiccato,1,1,2
74,70.327273,70.420455,,spiccato,2,1,3
82,70.465909,70.536364,,spiccato,3,1,4
82,70.581818,70.647727,,spiccato,3,1,4
74,70.693182,70.756818,,spiccato,2,1,3
65,70.809091,70.977273,,spiccato,1,1,2
58,71.029545,71.059091,,spiccato,0,1,2
58,71.063636,71.093182,,spiccato,0,1,2
65,71.140909,71.186364,,spiccato,1,1,2
73,71.234091,71.297727,,spiccato,2,1,2
82,71.343182,71.402273,,spiccato,3,1,4
82,71.454545,71.511364,,spiccato,3,1,4
73,71.563636,71.615909,,spiccato,2,1,2
65,71.668182,71.720455,,spiccato,1,1,2
58,71.772727,71.831818,,spiccato,0,1,2
58,71.877273,71.947727,,spiccato,0,1,2
66,71.993182,72.040909,,spiccato,1,1,2
73,72.086364,72.138636,,spiccato,2,1,2
82,72.190909,72.243182,,spiccato,3,1,4
82,72.288636,72.347727,,spiccato,3,1,4
73,72.4,72.445455,,spiccato,2,1,2
66,72.497727,72.556818,,spiccato,1,1,2
58,72.602273,72.661364,,spiccato,0,1,2
58,72.706818,72.781818,,spiccato,0,1,2
66,72.829545,72.881818,,spiccato,1,1,2
76,72.934091,72.975,,spiccato,3,1,0
85,73.027273,73.072727,,spiccato,3,3,3
85,73.125,73.184091,,spiccato,3,3,3
76,73.236364,73.288636,,spiccato,3,1,0
66,73.334091,73.409091,,spiccato,1,1,2
58,73.456818,73.513636,,spiccato,0,1,2
59,73.584091,73.629545,,spiccato,0,1,2
66,73.681818,73.729545,,spiccato,1,1,2
75,73.781818,73.827273,,spiccato,2,1,3
83,73.879545,73.938636,,spiccato,3,3,2
83,73.984091,74.054545,,spiccato,3,3,2
75,74.1,74.159091,,spiccato,2,1,3
66,74.204545,74.252273,,spiccato,1,1,2
59,74.297727,74.356818,,spiccato,0,1,2
59,74.402273,74.454545,,spiccato,0,1,2
66,74.506818,74.554545,,spiccato,1,1,2
74,74.606818,74.652273,,spiccato,2,3,1
83,74.697727,74.75,,spiccato,3,3,2
83,74.797727,74.854545,,spiccato,3,3,2
74,74.906818,74.959091,,spiccato,2,1,3
66,75.022727,75.059091,,spiccato,1,1,2
59,75.111364,75.156818,,spiccato,0,2,1
59,75.209091,75.272727,,spiccato,0,1,2
67,75.325,75.384091,,spiccato,1,1,3
74,75.429545,75.470455,,spiccato,2,1,3
83,75.518182,75.563636,,spiccato,3,3,2
83,75.609091,75.661364,,spiccato,3,3,2
74,75.713636,75.761364,,spiccato,2,1,3
67,75.802273,75.843182,,spiccato,1,1,3
59,75.881818,75.929545,,spiccato,0,2,1
59,75.975,76.034091,,spiccato,0,1,2
67,76.079545,76.143182,,spiccato,1,1,3
77,76.190909,76.236364,,spiccato,2,3,3
86,76.288636,76.340909,,spiccato,3,3,4
86,76.388636,76.475,,spiccato,3,3,4
77,76.527273,76.568182,,spiccato,3,1,1
67,76.609091,76.661364,,spiccato,1,1,3
59,76.706818,76.754545,,spiccato,0,1,2
60,76.8,76.870455,,spiccato,0,1,3
67,76.915909,76.956818,,spiccato,1,1,3
76,76.997727,77.043182,,spiccato,2,3,2
84,77.095455,77.143182,,spiccato,3,3,3
84,77.188636,77.240909,,spiccato,3,3,3
76,77.293182,77.340909,,spiccato,2,3,2
67,77.379545,77.438636,,spiccato,1,1,3
60,77.484091,77.525,,spiccato,0,1,3
60,77.577273,77.636364,,spiccato,0,1,3
67,77.681818,77.729545,,spiccato,1,1,3
75,77.781818,77.822727,,spiccato,2,3,1
84,77.868182,77.909091,,spiccato,3,3,3
84,77.95,77.995455,,spiccato,3,3,3
75,78.043182,78.095455,,spiccato,2,1,3
67,78.140909,78.211364,,spiccato,1,1,3
60,78.309091,78.361364,,spiccato,0,1,3
60,78.368182,78.409091,,spiccato,0,1,3
68,78.454545,78.495455,,spiccato,1,1,3
75,78.547727,78.611364,,spiccato,2,3,1
84,78.656818,78.709091,,spiccato,3,3,3
84,78.761364,78.831818,,spiccato,3,3,3
75,78.877273,78.947727,,spiccato,2,3,2
68,79.0,79.075,,spiccato,1,1,3
60,79.122727,79.168182,,spiccato,0,1,3
60,79.215909,79.272727,,spiccato,0,1,3
68,79.325,79.395455,,spiccato,1,1,3
78,79.440909,79.5,,spiccato,3,1,1
87,79.545455,79.609091,,spiccato,3,3,4
87,79.679545,79.802273,,spiccato,3,5,3
78,79.854545,79.986364,,spiccato,3,1,1
68,80.038636,80.284091,,spiccato,1,1,3
60,80.336364,80.568182,,spiccato,0,1,3
61,81.363636,81.472727,,spiccato,0,1,3
65,81.520455,81.565909,,spiccato,1,1,2
73,81.618182,81.670455,,spiccato,2,1,2
77,81.722727,81.779545,,spiccato,3,1,1
77,81.831818,81.890909,,spiccato,3,1,1
73,81.943182,81.995455,,spiccato,2,1,2
65,82.040909,82.118182,,spiccato,1,1,2
61,82.181818,82.227273,,spiccato,0,1,3
60,82.275,82.361364,,spiccato,0,1,3
63,82.418182,82.470455,,spiccato,1,1,1
75,82.522727,82.563636,,spiccato,2,1,3
78,82.615909,82.668182,,spiccato,3,1,1
78,82.720455,82.790909,,spiccato,3,1,1
75,82.843182,82.906818,,spiccato,2,1,3
63,82.952273,83.011364,,spiccato,1,1,1
60,83.063636,83.115909,,spiccato,0,1,3
61,83.161364,83.213636,,spiccato,0,1,3
65,83.265909,83.325,,spiccato,1,1,2
73,83.377273,83.418182,,spiccato,2,1,2
77,83.463636,83.515909,,spiccato,3,1,1
77,83.563636,83.609091,,spiccato,3,1,1
73,83.656818,83.720455,,spiccato,2,1,2
65,83.765909,83.806818,,spiccato,1,1,2
61,83.852273,83.904545,,spiccato,0,1,3
56,83.956818,84.034091,,spiccato,0,1,1
63,84.086364,84.131818,,spiccato,1,1,1
72,84.177273,84.236364,,spiccato,2,1,2
80,84.281818,84.322727,,spiccato,3,1,2
80,84.370455,84.422727,,spiccato,3,1,2
72,84.475,84.527273,,spiccato,2,1,2
63,84.579545,84.654545,,spiccato,1,1,1
56,84.706818,84.747727,,spiccato,0,1,1
61,84.8,84.863636,,spiccato,0,1,3
64,84.909091,84.961364,,spiccato,1,1,1
73,85.009091,85.065909,,spiccato,2,1,2
76,85.118182,85.170455,,spiccato,3,1,0
76,85.222727,85.297727,,spiccato,3,1,0
73,85.35,85.390909,,spiccato,2,1,2
64,85.443182,85.506818,,spiccato,1,1,1
61,85.554545,85.6,,spiccato,0,1,3
60,85.647727,85.693182,,spiccato,0,1,3
63,85.738636,85.786364,,spiccato,1,1,1
75,85.838636,85.890909,,spiccato,2,1,3
78,85.936364,85.984091,,spiccato,3,1,1
78,86.036364,86.104545,,spiccato,3,1,1
75,86.156818,86.215909,,spiccato,2,1,3
63,86.256818,86.325,,spiccato,1,1,1
60,86.372727,86.418182,,spiccato,0,1,3
61,86.465909,86.518182,,spiccato,0,1,3
64,86.570455,86.622727,,spiccato,1,1,1
73,86.675,86.720455,,spiccato,2,1,2
76,86.772727,86.813636,,spiccato,3,1,0
76,86.865909,86.918182,,spiccato,3,1,0
73,86.963636,87.011364,,spiccato,2,1,2
64,87.045455,87.097727,,spiccato,1,1,1
61,87.161364,87.209091,,spiccato,0,1,3
56,87.261364,87.336364,,spiccato,0,1,1
63,87.388636,87.429545,,spiccato,1,1,1
72,87.481818,87.534091,,spiccato,2,1,2
80,87.579545,87.643182,,spiccato,3,1,2
80,87.690909,87.743182,,spiccato,3,1,2
72,87.788636,87.870455,,spiccato,2,1,2
63,87.915909,87.963636,,spiccato,1,1,1
56,88.009091,88.056818,,spiccato,0,1,1
61,88.109091,88.147727,,spiccato,0,1,3
64,88.2,88.252273,,spiccato,1,1,1
73,88.3,88.345455,,spiccato,2,1,2
76,88.393182,88.438636,,spiccato,3,1,0
76,88.486364,88.543182,,spiccato,3,1,0
73,88.595455,88.647727,,spiccato,2,1,2
64,88.7,88.752273,,spiccato,1,1,1
61,88.804545,88.845455,,spiccato,0,1,3
59,88.897727,88.968182,,spiccato,0,1,2
68,89.013636,89.065909,,spiccato,1,1,3
74,89.111364,89.170455,,spiccato,2,1,3
76,89.222727,89.263636,,spiccato,2,1,4
76,89.309091,89.361364,,spiccato,2,1,4
74,89.413636,89.454545,,spiccato,2,1,3
68,89.502273,89.554545,,spiccato,1,1,3
59,89.6,89.659091,,spiccato,0,1,2
57,89.715909,89.768182,,spiccato,0,1,1
64,89.815909,89.865909,,spiccato,1,1,1
73,89.913636,89.965909,,spiccato,2,1,2
81,90.018182,90.063636,,spiccato,3,1,3
81,90.115909,90.156818,,spiccato,3,1,3
73,90.209091,90.272727,,spiccato,2,1,2
64,90.320455,90.377273,,spiccato,1,1,1
57,90.413636,90.452273,,spiccato,0,1,1
58,90.5,90.593182,,spiccato,0,1,2
67,90.638636,90.690909,,spiccato,1,1,3
76,90.75,90.790909,,spiccato,2,3,2
85,90.843182,90.881818,,spiccato,3,3,3
85,90.929545,90.975,,spiccato,3,3,3
76,91.027273,91.068182,,spiccato,3,1,0
67,91.104545,91.15,,spiccato,1,1,3
58,91.179545,91.325,,,0,1,2
59,91.377273,91.468182,,,0,1,2
66,91.568182,91.695455,,release,1,1,2
75,91.568182,91.695455,,release,2,1,3
83,91.568182,91.695455,,release,3,1,4
57,91.788636,91.859091,,,0,1,1
66,91.927273,92.079545,,release,1,1,2
75,91.927273,92.079545,,release,2,1,3
83,91.927273,92.079545,,release,3,1,4
56,92.177273,92.270455,,,0,1,1
64,92.356818,92.502273,,release,1,1,1
71,92.356818,92.502273,,release,2,1,1
80,92.356818,92.502273,,release,3,1,2
57,92.595455,92.681818,,,0,1,1
64,92.729545,92.897727,,release,1,1,1
73,92.729545,92.897727,,release,2,1,2
81,92.729545,92.897727,,release,3,1,3
59,93.031818,93.147727,,,0,1,2
68,93.238636,93.356818,,release,1,1,3
76,93.238636,93.356818,,release,2,3,2
83,93.238636,93.356818,,release,3,3,2
59,93.454545,93.559091,,,0,2,1
66,93.656818,94.029545,,release,1,1,2
75,93.656818,94.029545,,release,2,3,1
83,93.656818,94.029545,,release,3,3,2
64,94.122727,94.777273,,,1,1,1
71,94.784091,95.661364,,release,2,1,1
80,94.784091,95.661364,,release,3,1,2
88,94.784091,95.661364,,release,3,4,4
64,96.038636,96.181818,,spiccato,1,1,1
68,96.234091,96.304545,,spiccato,1,1,3
71,96.363636,96.438636,,spiccato,2,1,1
76,96.490909,96.559091,,spiccato,3,1,0
76,96.606818,96.681818,,spiccato,3,1,0
71,96.734091,96.786364,,spiccato,2,1,1
68,96.838636,96.886364,,spiccato,1,1,3
64,96.938636,96.995455,,spiccato,1,1,1
64,97.047727,97.122727,,spiccato,1,1,1
69,97.175,97.227273,,spiccato,2,1,0
72,97.275,97.320455,,spiccato,2,1,2
76,97.368182,97.420455,,spiccato,3,1,0
76,97.470455,97.536364,,spiccato,3,1,0
72,97.588636,97.645455,,spiccato,2,1,2
69,97.697727,97.738636,,spiccato,2,1,0
64,97.784091,97.85,,spiccato,1,1,1
64,97.895455,97.959091,,spiccato,1,1,1
67,98.004545,98.070455,,spiccato,1,1,3
70,98.122727,98.175,,spiccato,2,1,1
76,98.220455,98.279545,,spiccato,3,1,0
76,98.331818,98.381818,,spiccato,3,1,0
70,98.434091,98.486364,,spiccato,2,1,1
67,98.534091,98.586364,,spiccato,1,1,3
64,98.631818,98.690909,,spiccato,1,1,1
64,98.736364,98.784091,,spiccato,1,1,1
68,98.829545,98.870455,,spiccato,1,1,3
71,98.911364,98.981818,,spiccato,2,1,1
76,99.034091,99.131818,,spiccato,3,1,0
80,99.229545,99.404545,,,3,1,2
83,99.229545,99.404545,,,3,1,4
78,99.411364,99.572727,,staccato,3,1,1
81,99.411364,99.572727,,staccato,3,1,3
76,99.572727,99.811364,,staccato,3,1,0
80,99.572727,99.811364,,staccato,3,1,2
81,99.815909,100.025,,,3,1,3
85,99.815909,100.025,,,3,3,3
80,100.025,100.181818,,release,3,1,2
83,100.025,100.181818,,release,3,3,2
78,100.181818,100.338636,,staccato,3,1,1
81,100.181818,100.338636,,staccato,3,1,3
76,100.345455,100.531818,,staccato,3,1,0
80,100.345455,100.531818,,staccato,3,1,2
75,100.536364,100.722727,,staccato,2,1,3
78,100.536364,100.722727,,staccato,3,1,1
73,100.722727,101.077273,,staccato,2,1,2
76,100.722727,101.077273,,staccato,2,3,2
59,101.204545,101.25,,spiccato,0,1,2
68,101.297727,101.361364,,spiccato,1,1,3
76,101.406818,101.477273,,spiccato,2,3,2
83,101.522727,101.586364,,spiccato,3,3,2
83,101.638636,101.702273,,spiccato,3,3,2
76,101.754545,101.795455,,spiccato,2,3,2
68,101.820455,101.877273,,spiccato,1,1,3
59,101.929545,102.004545,,spiccato,0,2,1
59,102.056818,102.120455,,spiccato,0,1,2
66,102.172727,102.225,,spiccato,1,1,2
75,102.277273,102.325,,spiccato,2,1,3
83,102.370455,102.422727,,spiccato,3,3,2
83,102.475,102.527273,,spiccato,3,3,2
75,102.579545,102.643182,,spiccato,2,1,3
66,102.695455,102.736364,,spiccato,1,1,2
59,102.806818,102.852273,,spiccato,0,1,2
64,102.9,102.956818,,spiccato,1,1,1
68,103.004545,103.05,,spiccato,1,1,3
71,103.109091,103.165909,,spiccato,2,1,1
76,103.218182,103.322727,,spiccato,2,4,1
92,103.375,103.659091,,release,3,6,4
88,103.752273,104.188636,,release,3,5,3
64,104.379545,104.438636,,spiccato,1,1,1
71,104.495455,104.540909,,spiccato,2,1,1
80,104.593182,104.659091,,spiccato,2,5,2
88,104.711364,104.763636,,spiccato,3,5,3
88,104.809091,104.879545,,spiccato,3,5,3
80,104.925,104.988636,,spiccato,2,5,2
71,105.036364,105.093182,,spiccato,2,1,1
64,105.145455,105.204545,,spiccato,1,1,1
64,105.256818,105.309091,,spiccato,1,1,1
72,105.361364,105.413636,,spiccato,2,1,2
81,105.465909,105.511364,,spiccato,3,3,1
88,105.556818,105.604545,,spiccato,3,4,4
88,105.65,105.720455,,spiccato,3,5,3
81,105.772727,105.825,,spiccato,3,1,3
72,105.870455,105.936364,,spiccato,2,1,2
64,106.004545,106.045455,,spiccato,1,1,1
64,106.097727,106.156818,,spiccato,1,1,1
70,106.213636,106.261364,,spiccato,2,1,1
79,106.306818,106.370455,,spiccato,3,1,2
88,106.418182,106.468182,,spiccato,3,4,4
88,106.515909,106.579545,,spiccato,3,5,3
79,106.625,106.690909,,spiccato,3,1,2
70,106.743182,106.788636,,spiccato,2,1,1
64,106.840909,106.893182,,spiccato,1,1,1
64,106.938636,107.002273,,spiccato,1,1,1
71,107.054545,107.102273,,spiccato,2,1,1
80,107.147727,107.188636,,spiccato,3,1,2
88,107.236364,107.322727,,spiccato,3,5,3
64,107.415909,107.688636,,release,1,1,1
68,107.415909,107.688636,,release,1,1,3
66,107.693182,107.815909,,staccato,1,1,2
69,107.693182,107.815909,,staccato,1,1,4
68,107.815909,108.065909,,staccato,1,1,3
71,107.815909,108.065909,,staccato,2,1,1
69,108.065909,108.245455,,staccato,2,1,0
73,108.065909,108.245455,,staccato,2,1,2
71,108.252273,108.402273,,staccato,2,1,1
75,108.252273,108.402273,,staccato,2,1,3
73,108.402273,108.588636,,staccato,2,1,2
76,108.402273,108.588636,,staccato,3,1,0
75,108.593182,108.843182,,staccato,2,1,3
78,108.593182,108.843182,,staccato,3,1,1
76,108.843182,109.197727,,staccato,2,3,2
80,108.843182,109.197727,,staccato,2,3,4
78,109.197727,109.604545,,staccato,3,1,1
81,109.197727,109.604545,,staccato,3,1,3
71,109.731818,109.893182,,spiccato,2,1,1
76,109.945455,110.063636,,spiccato,3,1,0
80,110.115909,110.184091,,spiccato,2,4,3
88,110.231818,110.311364,,spiccato,3,4,4
88,110.359091,110.452273,,spiccato,3,5,3
80,110.504545,110.556818,,spiccato,2,5,2
76,110.602273,110.65,,spiccato,3,1,0
71,110.695455,110.765909,,spiccato,2,1,1
71,110.829545,110.875,,spiccato,2,1,1
75,110.927273,110.975,,spiccato,2,1,3
78,111.020455,111.090909,,spiccato,3,1,1
87,111.136364,111.195455,,spiccato,3,5,3
87,111.240909,111.3,,spiccato,3,5,3
78,111.345455,111.390909,,spiccato,3,1,1
75,111.438636,111.502273,,spiccato,2,1,3
71,111.554545,111.606818,,spiccato,2,1,1
64,111.681818,111.763636,,spiccato,1,1,1
71,111.809091,111.861364,,spiccato,2,1,1
80,111.920455,111.965909,,spiccato,2,4,3
88,112.018182,112.059091,,spiccato,3,5,3
92,112.111364,112.159091,,spiccato,3,6,4
80,112.211364,112.263636,,spiccato,2,5,2
71,112.315909,112.361364,,spiccato,2,1,1
64,112.406818,112.484091,,spiccato,1,1,1
64,112.529545,112.581818,,spiccato,1,1,1
72,112.627273,112.679545,,spiccato,2,1,2
81,112.727273,112.772727,,spiccato,3,1,3
88,112.820455,112.872727,,spiccato,3,4,4
93,112.925,112.977273,,spiccato,3,7,4
81,113.029545,113.086364,,spiccato,3,1,3
72,113.134091,113.202273,,spiccato,2,1,2
64,113.25,113.313636,,spiccato,1,1,1
64,113.365909,113.418182,,spiccato,1,1,1
71,113.481818,113.527273,,spiccato,2,1,1
80,113.579545,113.631818,,spiccato,2,5,2
88,113.684091,113.736364,,spiccato,3,5,3
92,113.795455,113.847727,,spiccato,3,6,4
80,113.893182,113.956818,,spiccato,2,5,2
71,114.009091,114.05,,spiccato,2,1,1
64,114.097727,114.161364,,spiccato,1,1,1
64,114.206818,114.254545,,spiccato,1,1,1
72,114.306818,114.370455,,spiccato,2,1,2
81,114.422727,114.468182,,spiccato,3,1,3
88,114.509091,114.554545,,spiccato,3,5,3
93,114.602273,114.665909,,spiccato,3,7,4
81,114.711364,114.763636,,spiccato,3,1,3
72,114.815909,114.881818,,spiccato,2,1,2
64,114.934091,114.972727,,spiccato,1,1,1
64,115.025,115.088636,,spiccato,1,1,1
71,115.147727,115.193182,,spiccato,2,1,1
80,115.240909,115.286364,,spiccato,2,5,2
88,115.334091,115.390909,,spiccato,3,5,3
92,115.443182,115.495455,,spiccato,3,6,4
80,115.547727,115.611364,,spiccato,2,5,2
71,115.663636,115.711364,,spiccato,2,1,1
64,115.756818,115.809091,,spiccato,1,1,1
61,115.868182,115.965909,,spiccato,0,1,3
70,116.025,116.070455,,spiccato,2,1,1
79,116.118182,116.156818,,spiccato,3,1,2
88,116.204545,116.25,,spiccato,3,4,4
61,116.302273,116.465909,,,0,1,3
58,116.563636,116.738636,,release,0,1,2
59,116.831818,117.104545,,,0,1,2
80,117.231818,117.459091,,staccato,3,1,2
83,117.231818,117.459091,,staccato,3,1,4
78,117.463636,117.627273,,staccato,3,1,1
81,117.463636,117.627273,,staccato,3,1,3
76,117.627273,117.811364,,staccato,3,1,0
80,117.627273,117.811364,,staccato,3,1,2
75,117.811364,117.952273,,staccato,2,1,3
78,117.811364,117.952273,,staccato,3,1,1
73,117.956818,118.120455,,staccato,2,1,2
76,117.956818,118.120455,,staccato,3,1,0
71,118.125,118.270455,,staccato,2,1,1
75,118.125,118.270455,,staccato,2,1,3
69,118.277273,118.434091,,staccato,1,1,4
73,118.277273,118.434091,,staccato,2,1,2
68,118.438636,118.602273,,staccato,1,1,3
71,118.438636,118.602273,,staccato,2,1,1
66,118.606818,118.845455,,staccato,1,1,2
69,118.606818,118.845455,,staccato,2,1,0
64,118.852273,119.106818,,staccato,1,1,1
68,118.852273,119.106818,,staccato,1,1,3
63,119.106818,119.502273,,staccato,1,1,1
66,119.106818,119.502273,,staccato,1,1,2
64,119.506818,119.559091,,spiccato,1,1,1
68,119.606818,119.675,,spiccato,1,1,3
71,119.727273,119.786364,,spiccato,2,1,1
76,119.838636,119.890909,,spiccato,3,1,0
80,119.943182,120.025,,spiccato,3,1,2
71,120.070455,120.129545,,spiccato,2,1,1
68,120.179545,120.245455,,spiccato,1,1,3
64,120.302273,120.361364,,spiccato,1,1,1
64,120.418182,120.481818,,spiccato,1,1,1
69,120.534091,120.586364,,spiccato,2,1,0
72,120.638636,120.690909,,spiccato,2,1,2
76,120.738636,120.784091,,spiccato,3,1,0
81,120.836364,120.895455,,spiccato,3,1,3
72,120.947727,121.004545,,spiccato,2,1,2
69,121.056818,121.097727,,spiccato,2,1,0
64,121.143182,121.202273,,spiccato,1,1,1
64,121.247727,121.295455,,spiccato,1,1,1
68,121.347727,121.393182,,spiccato,1,1,3
71,121.440909,121.493182,,spiccato,2,1,1
76,121.545455,121.590909,,spiccato,3,1,0
80,121.643182,121.695455,,spiccato,3,1,2
71,121.743182,121.795455,,spiccato,2,1,1
68,121.840909,121.9,,spiccato,1,1,3
64,121.945455,122.004545,,spiccato,1,1,1
64,122.056818,122.106818,,spiccato,1,1,1
69,122.165909,122.211364,,spiccato,2,1,0
72,122.263636,122.311364,,spiccato,2,1,2
76,122.363636,122.409091,,spiccato,3,1,0
81,122.456818,122.513636,,spiccato,3,1,3
72,122.561364,122.625,,spiccato,2,1,2
69,122.670455,122.718182,,spiccato,2,1,0
64,122.770455,122.815909,,spiccato,1,1,1
64,122.875,122.927273,,spiccato,1,1,1
68,122.979545,123.025,,spiccato,1,1,3
71,123.077273,123.129545,,spiccato,2,1,1
76,123.175,123.222727,,spiccato,3,1,0
80,123.268182,123.327273,,spiccato,3,1,2
71,123.372727,123.420455,,spiccato,2,1,1
68,123.472727,123.518182,,spiccato,1,1,3
64,123.570455,123.629545,,spiccato,1,1,1
61,123.681818,123.727273,,spiccato,0,1,3
67,123.775,123.820455,,spiccato,1,1,3
70,123.865909,123.913636,,spiccato,2,1,1
76,123.954545,124.006818,,spiccato,3,1,0
79,124.052273,124.220455,,staccato,3,1,2
76,124.320455,124.522727,,staccato,3,1,0
59,124.615909,124.934091,,release,0,2,1
71,124.940909,125.131818,,staccato,2,1,1
76,124.940909,125.131818,,staccato,3,1,0
68,125.138636,125.306818,,staccato,1,1,3
71,125.138636,125.306818,,staccato,2,1,1
83,125.311364,125.515909,,staccato,3,3,2
59,125.579545,125.759091,,staccato,0,2,1
63,125.579545,125.759091,,staccato,1,1,1
61,125.765909,125.922727,,staccato,0,1,3
64,125.765909,125.922727,,staccato,1,1,1
63,125.922727,126.061364,,staccato,1,1,1
66,125.922727,126.061364,,staccato,1,1,2
64,126.065909,126.229545,,staccato,1,1,1
68,126.065909,126.229545,,staccato,1,1,3
66,126.236364,126.397727,,staccato,1,1,2
69,126.236364,126.397727,,staccato,1,1,4
68,126.404545,126.613636,,staccato,1,1,3
71,126.404545,126.613636,,staccato,2,1,1
69,126.618182,126.965909,,staccato,2,1,0
73,126.618182,126.965909,,staccato,2,1,2
71,126.965909,127.454545,,staccato,2,1,1
75,126.965909,127.454545,,staccato,2,1,3
76,127.581818,127.768182,,spiccato,3,1,0
80,127.820455,127.906818,,spiccato,3,1,2
83,127.970455,128.075,,spiccato,3,3,2
76,128.122727,128.209091,,spiccato,3,1,0
76,128.261364,128.343182,,spiccato,3,1,0
83,128.395455,128.459091,,spiccato,3,3,2
80,128.511364,128.556818,,spiccato,3,1,2
76,128.609091,128.65,,spiccato,3,1,0
76,128.702273,128.788636,,spiccato,3,1,0
81,128.836364,128.888636,,spiccato,3,3,1
84,128.934091,128.993182,,spiccato,3,3,3
76,129.045455,129.097727,,spiccato,2,3,2
76,129.15,129.195455,,spiccato,2,3,2
84,129.247727,129.311364,,spiccato,3,3,3
81,129.363636,129.404545,,spiccato,3,3,1
76,129.456818,129.515909,,spiccato,2,3,2
76,129.561364,129.609091,,spiccato,2,3,2
80,129.654545,129.706818,,spiccato,3,1,2
83,129.759091,129.815909,,spiccato,3,3,2
76,129.868182,129.915909,,spiccato,2,3,2
76,129.968182,130.009091,,spiccato,2,3,2
83,130.061364,130.136364,,spiccato,3,3,2
80,130.181818,130.229545,,spiccato,3,1,2
76,130.275,130.322727,,spiccato,3,1,0
75,130.379545,130.431818,,spiccato,2,3,1
78,130.479545,130.536364,,spiccato,3,1,1
83,130.584091,130.636364,,spiccato,3,3,2
76,130.688636,130.740909,,spiccato,2,3,2
76,130.793182,130.868182,,spiccato,2,3,2
83,130.913636,130.972727,,spiccato,3,3,2
78,131.018182,131.065909,,spiccato,3,1,1
75,131.111364,131.181818,,spiccato,2,1,3
73,131.234091,131.279545,,spiccato,2,1,2
76,131.331818,131.379545,,spiccato,3,1,0
81,131.431818,131.484091,,spiccato,3,1,3
76,131.536364,131.604545,,spiccato,3,1,0
76,131.652273,131.709091,,spiccato,3,1,0
81,131.756818,131.809091,,spiccato,3,1,3
76,131.854545,131.9,,spiccato,3,1,0
73,131.952273,132.011364,,spiccato,2,1,2
71,132.063636,132.115909,,spiccato,2,1,1
75,132.172727,132.213636,,spiccato,2,1,3
80,132.261364,132.325,,spiccato,3,1,2
76,132.377273,132.434091,,spiccato,3,1,0
76,132.486364,132.545455,,spiccato,3,1,0
80,132.597727,132.643182,,spiccato,3,1,2
75,132.695455,132.747727,,spiccato,2,1,3
71,132.8,132.852273,,spiccato,2,1,1
69,132.904545,132.968182,,spiccato,2,1,0
73,133.015909,133.068182,,spiccato,2,1,2
78,133.113636,133.165909,,spiccato,3,1,1
76,133.213636,133.277273,,spiccato,3,1,0
76,133.329545,133.393182,,spiccato,3,1,0
78,133.445455,133.486364,,spiccato,3,1,1
73,133.538636,133.602273,,spiccato,2,1,2
69,133.670455,133.718182,,spiccato,2,1,0
66,133.763636,133.822727,,spiccato,1,1,2
69,133.868182,133.915909,,spiccato,2,1,0
75,133.968182,134.036364,,spiccato,2,1,3
76,134.084091,134.129545,,spiccato,2,1,4
76,134.181818,134.245455,,spiccato,2,1,4
75,134.297727,134.35,,spiccato,2,1,3
69,134.397727,134.454545,,spiccato,1,1,4
66,134.502273,134.565909,,spiccato,1,1,2
64,134.611364,134.663636,,spiccato,1,1,1
68,134.711364,134.763636,,spiccato,1,1,3
76,134.809091,134.861364,,spiccato,2,1,4
76,134.913636,134.972727,,spiccato,3,1,0
76,135.025,135.081818,,spiccato,3,1,0
76,135.122727,135.168182,,spiccato,3,1,0
68,135.215909,135.290909,,spiccato,1,1,3
64,135.338636,135.384091,,spiccato,1,1,1
65,135.436364,135.488636,,spiccato,1,1,2
69,135.540909,135.586364,,spiccato,2,1,0
75,135.638636,135.686364,,spiccato,2,1,3
76,135.738636,135.795455,,spiccato,2,1,4
76,135.843182,135.9,,spiccato,2,1,4
75,135.947727,135.993182,,spiccato,2,1,3
69,136.040909,136.093182,,spiccato,2,1,0
65,136.145455,136.209091,,spiccato,1,1,2
64,136.265909,136.313636,,spiccato,1,1,1
68,136.365909,136.418182,,spiccato,1,1,3
76,136.463636,136.509091,,spiccato,2,1,4
76,136.556818,136.609091,,spiccato,3,1,0
76,136.654545,136.706818,,spiccato,3,1,0
76,136.747727,136.795455,,spiccato,2,1,4
68,136.829545,136.922727,,spiccato,1,1,3
64,136.975,137.015909,,spiccato,1,1,1
65,137.072727,137.143182,,spiccato,1,1,2
69,137.188636,137.247727,,spiccato,2,1,0
75,137.3,137.340909,,spiccato,2,1,3
76,137.386364,137.434091,,spiccato,2,1,4
76,137.479545,137.531818,,spiccato,2,1,4
75,137.584091,137.625,,spiccato,2,1,3
69,137.677273,137.722727,,spiccato,1,1,4
65,137.763636,137.804545,,spiccato,1,1,2
64,137.85,138.020455,,,1,1,1
68,138.020455,138.338636,,release,1,1,3
76,138.020455,138.338636,,release,2,1,4
64,138.715909,138.931818,,,1,1,1
68,138.931818,139.5,,release,1,1,3
76,138.931818,139.5,,release,2,1,4
80,138.931818,139.5,,release,3,1,2
64,139.877273,139.947727,,spiccato,1,1,1
68,140.0,140.075,,spiccato,1,1,3
76,140.127273,140.168182,,spiccato,2,1,4
76,140.220455,140.272727,,spiccato,3,1,0
76,140.318182,140.4,,spiccato,3,1,0
80,140.445455,140.493182,,spiccato,3,1,2
68,140.538636,140.597727,,spiccato,1,1,3
64,140.65,140.747727,,spiccato,1,1,1
64,140.8,140.875,,spiccato,1,1,1
68,140.927273,140.997727,,spiccato,1,1,3
76,141.05,141.102273,,spiccato,2,1,4
76,141.147727,141.222727,,spiccato,3,1,0
76,141.275,141.397727,,spiccato,3,1,0
80,141.445455,141.490909,,spiccato,3,1,2
68,141.588636,141.804545,,staccato,1,1,3
64,141.856818,142.320455,,staccato,1,1,1
64,142.372727,146.436364,,release,1,1,1
68,142.372727,146.436364,,release,1,1,3
76,142.372727,146.436364,,release,2,1,4
